epoch,accuracy,loss,val_accuracy,val_loss
0,0.10625000298023224,2.3219082355499268,0.10536859184503555,2.3171887397766113
1,0.13333334028720856,2.314622402191162,0.1408253163099289,2.311275005340576
2,0.13958333432674408,2.3104069232940674,0.1328125,2.3077194690704346
3,0.1145833358168602,2.310197114944458,0.12419871985912323,2.3054909706115723
4,0.10833333432674408,2.3075907230377197,0.12069310992956161,2.3037612438201904
5,0.11666666716337204,2.304119348526001,0.12219551205635071,2.302781820297241
6,0.10833333432674408,2.3033392429351807,0.12019230425357819,2.3023126125335693
7,0.11874999850988388,2.3034048080444336,0.12830528616905212,2.3018505573272705
8,0.11874999850988388,2.3010735511779785,0.13161057233810425,2.3008310794830322
